feature,correlation
pct_a_range,0.9473076449231234
pct_passing,0.6544676742367025
pct_homework,0.2803204663148602
pct_projects,0.19928438718380734
pct_exams,-0.17706683821429237
total_students,-0.3840804426836146
total_assessments,-0.4167832435264648
grade_skewness,-0.8136326384571285
grade_entropy,-0.91881112973521
