model_name,mae,rmse,r2,predictions,actuals
Ridge Regression (Grade Distribution),0.035325991632749965,0.052430495854104156,0.9300998477363177,"[3.15266459 3.33468097 3.40836645 3.34521488 3.29014421 3.13926732
 3.40522046 3.35051044 3.51778577 3.21001461 3.16732346 3.5230095
 3.47273282 3.50846276 3.43476966 3.25281564 3.35103436 3.24068934
 3.02720085 3.43082786 3.57917912 3.42226757 3.88372216 3.48220707
 3.28023617 3.63947523 3.61577017 3.35488335 3.12124885 3.75393403
 3.37807843 3.61780966 3.29950613 3.77597655 3.6578566 ]","[3.20077356 3.28886065 3.41385959 3.35804209 3.30752654 3.19366935
 3.43391733 3.34700469 3.51620738 3.1839902  3.21689702 3.52614995
 3.4585789  3.47184774 3.45461847 3.29685215 3.34360812 3.39099364
 2.85212453 3.46231752 3.59777657 3.43679606 3.82950131 3.47597015
 3.2814978  3.59570201 3.60387674 3.35489978 3.04721879 3.71639344
 3.46471545 3.61653543 3.29496855 3.73903509 3.72727273]"
Random Forest (All Features),0.06054061565758695,0.0691237802220464,0.30789154577254796,"[3.29471699 3.29490018 3.32706756 3.32187949 3.35552643 3.28939891
 3.34243479 3.32082934]","[3.20077356 3.28886065 3.41385959 3.35804209 3.30752654 3.19366935
 3.43391733 3.34700469]"
Baseline (Mean),0.1525754157641181,0.19831013223527444,0.0,,
